{
  "timestamp_utc": "2025-12-24T14:20:41+00:00",
  "markets": [],
  "debug": [
    {
      "competition_id": "29955213",
      "status": 404,
      "url_used": "https://trial-api.sportbex.com/api/betfair/markets/29955213",
      "error_preview": "{'error': 'Not Found'}"
    },
    {
      "competition_id": "71671600",
      "status": 404,
      "url_used": "https://trial-api.sportbex.com/api/betfair/markets/71671600",
      "error_preview": "{'error': 'Not Found'}"
    },
    {
      "competition_id": "37745030",
      "status": 404,
      "url_used": "https://trial-api.sportbex.com/api/betfair/markets/37745030",
      "error_preview": "{'error': 'Not Found'}"
    },
    {
      "competition_id": "42324021",
      "status": 404,
      "url_used": "https://trial-api.sportbex.com/api/betfair/markets/42324021",
      "error_preview": "{'error': 'Not Found'}"
    },
    {
      "competition_id": "66115955",
      "status": 404,
      "url_used": "https://trial-api.sportbex.com/api/betfair/markets/66115955",
      "error_preview": "{'error': 'Not Found'}"
    },
    {
      "competition_id": "27230070",
      "status": 404,
      "url_used": "https://trial-api.sportbex.com/api/betfair/markets/27230070",
      "error_preview": "{'error': 'Not Found'}"
    }
  ]
}