{
  "stage": "2c",
  "timestamp_utc": "2025-12-30T13:56:20.519275+00:00",
  "racecards": {
    "top_level_keys": [
      "racecards",
      "total",
      "limit",
      "skip",
      "query"
    ],
    "candidate_lists": {
      "racecards": 30,
      "query": 2
    },
    "first_race_keys": [
      "course",
      "date",
      "off_time",
      "off_dt",
      "race_name",
      "distance_f",
      "region",
      "pattern",
      "race_class",
      "type",
      "age_band",
      "rating_band",
      "sex_restriction",
      "prize",
      "field_size",
      "going",
      "surface",
      "runners",
      "race_status"
    ],
    "runner_key": "runners"
  },
  "odds_csv": {
    "headers": [
      "race",
      "runner name",
      "odds decimal"
    ],
    "rows": 6,
    "preview": [
      {
        "race": "4.30 Wolverhampton",
        "runner name": "Francesco Baracca",
        "odds decimal": "9/4"
      },
      {
        "race": "4.30 Wolverhampton",
        "runner name": "Circuit Breaker",
        "odds decimal": "5/1"
      }
    ]
  },
  "outcome": "FAIL",
  "reason": "Inspection only \u2013 no extraction or joins yet"
}