{
  "run_type": "feasibility",
  "stage": 2,
  "timestamp_utc": "2025-12-26T21:24:49.495961+00:00",
  "inputs": {
    "racecards_path": "G:\\My Drive\\RacingBot_v1_4-main\\RacingBot_v1_4-main\\data\\raw\\racecards_sample.json",
    "odds_path": "G:\\My Drive\\RacingBot_v1_4-main\\RacingBot_v1_4-main\\data\\raw\\odds_sample.json"
  },
  "counts": {},
  "outcome": "FAIL",
  "reason": "Missing sample input files. Copy your JSON payloads into data/raw/ and name them 'racecards_sample.json' and 'odds_sample.json'.",
  "next_step": "Implement join + hard gates after inputs are confirmed loadable."
}