{
  "run_type": "feasibility",
  "stage": "2b",
  "timestamp_utc": "2025-12-28T22:13:23.866837+00:00",
  "inputs": {
    "racecards_path": "G:\\My Drive\\RacingBot_v1_4-main\\RacingBot_v1_4-main\\data\\raw\\racecards_sample.json",
    "odds_path": "G:\\My Drive\\RacingBot_v1_4-main\\RacingBot_v1_4-main\\data\\raw\\odds_sample.csv"
  },
  "counts": {
    "races_found": 0,
    "runners_found": 0,
    "odds_rows_found": 0,
    "runner_odds_like_rows": 0,
    "odds_input_format": "csv"
  },
  "outcome": "FAIL",
  "reason": "Stage 2b complete: inputs loaded and counted. Join + hard gates not yet implemented.",
  "next_step": "Implement join + hard gates after inputs are confirmed loadable."
}